GROUP,PACKAGE,CLASS,INSTRUCTION_MISSED,INSTRUCTION_COVERED,BRANCH_MISSED,BRANCH_COVERED,LINE_MISSED,LINE_COVERED,COMPLEXITY_MISSED,COMPLEXITY_COVERED,METHOD_MISSED,METHOD_COVERED
Dependent Tasks Executor Core,com.github.dexecutor.core.graph,DefaultDag,0,149,0,12,0,37,0,17,0,11
Dependent Tasks Executor Core,com.github.dexecutor.core.graph,Node.NodeStatus,9,39,0,0,0,2,2,2,2,2
Dependent Tasks Executor Core,com.github.dexecutor.core.graph,CyclicValidator,0,103,0,8,0,23,0,11,0,7
Dependent Tasks Executor Core,com.github.dexecutor.core.graph,Node,7,110,2,6,1,34,3,18,1,16
Dependent Tasks Executor Core,com.github.dexecutor.core.graph,LevelOrderTraversar,6,197,4,18,4,45,4,12,0,5
Dependent Tasks Executor Core,com.github.dexecutor.core.support,ThreadPoolUtil,3,18,0,0,2,5,1,2,1,2
Dependent Tasks Executor Core,com.github.dexecutor.core.support,Preconditions,3,8,0,2,2,3,1,2,1,1
Dependent Tasks Executor Core,com.github.dexecutor.core,DefaultExecutionEngine.new Callable() {...},0,24,0,0,0,3,0,2,0,2
Dependent Tasks Executor Core,com.github.dexecutor.core,DependentTasksExecutor.ExecutionBehavior,9,39,0,0,0,2,2,2,2,2
Dependent Tasks Executor Core,com.github.dexecutor.core,DependentTasksExecutorConfig,28,56,0,0,6,19,1,8,1,8
Dependent Tasks Executor Core,com.github.dexecutor.core,DefaultExecutionEngine,4,33,0,0,1,9,1,4,1,4
Dependent Tasks Executor Core,com.github.dexecutor.core,DefaultDependentTasksExecutor,22,386,7,29,8,96,7,33,0,22
Dependent Tasks Executor Core,com.github.dexecutor.core.task,ExecutionStatus,9,39,0,0,0,2,2,2,2,2
Dependent Tasks Executor Core,com.github.dexecutor.core.task,LoggerTask,0,54,0,2,0,11,0,5,0,4
Dependent Tasks Executor Core,com.github.dexecutor.core.task,TaskExecutionException,0,9,0,0,0,4,0,2,0,2
Dependent Tasks Executor Core,com.github.dexecutor.core.task,Task,8,38,0,0,4,15,2,9,2,9
Dependent Tasks Executor Core,com.github.dexecutor.core.task,NonTerminatingTask,16,21,0,0,3,8,0,3,0,3
Dependent Tasks Executor Core,com.github.dexecutor.core.task,ExecutionResult,9,72,0,0,3,18,1,10,1,10
Dependent Tasks Executor Core,com.github.dexecutor.core.task,AbstractDelegatingTask,26,28,0,0,10,9,6,6,6,6
Dependent Tasks Executor Core,com.github.dexecutor.core.task,ExecutionResults,0,44,0,4,0,12,0,8,0,6
Dependent Tasks Executor Core,com.github.dexecutor.core.task,TaskFactory,3,34,0,4,1,6,1,3,1,1
Dependent Tasks Executor Core,com.github.dexecutor.core.task,RetryOnceAndTerminateTask,23,21,0,0,4,8,0,3,0,3
